pdb_id,uniprot,ligand,chosen_pdb,category,n_both
b6ywb8_dtp,B6YWB8,DTP,6KBD,uniprot+lig,1
d9j2t9_lp5,D9J2T9,LP5,4GUW,uniprot+lig,1
d9j2t9_mgp,D9J2T9,MGP,3QJI,uniprot+lig,2
o14965_6f2,O14965,6F2,5AAG,uniprot+lig,1
o14965_g7w,O14965,G7W,6HJK,uniprot+lig,1
o14965_ljf,O14965,LJF,3O51,uniprot+lig,1
o14965_mmh,O14965,MMH,3FDN,uniprot+lig,1
o14965_nrm,O14965,NRM,3NRM,uniprot+lig,1
o15530_3q3,O15530,3Q3,3QCY,uniprot+lig,1
o15530_3q4,O15530,3Q4,3QD0,uniprot+lig,1
o15530_3rc,O15530,3RC,3RCJ,uniprot+lig,1
o15530_mp7,O15530,MP7,3NAX,uniprot+lig,2
o60885_5j5,O60885,5J5,5E0R,uniprot+lig,1
o60885_yx4,O60885,YX4,7MCF,uniprot+lig,1
o75530_7vy,O75530,7VY,5U5K,uniprot+lig,1
o75530_82g,O75530,82G,5U8F,uniprot+lig,1
o75530_nds,O75530,NDS,3IJC,uniprot+lig,1
p00044_6vb,P00044,6VB,5LFT,uniprot+lig,1
p00044_80m,P00044,80M,7PR2,uniprot+lig,3
p00044_evb,P00044,EVB,6GD6,uniprot+lig,10
p00044_fwq,P00044,FWQ,6RGI,uniprot+lig,1
p00183_cah,P00183,CAH,1NOO,uniprot+lig,4
p00183_cam,P00183,CAM,1AKD,uniprot+lig,67
p00183_nct,P00183,NCT,1P2Y,uniprot+lig,2
p00533_03p,P00533,03P,3POZ,uniprot+lig,2
p00533_7vh,P00533,7VH,7VRE,uniprot+lig,1
p00533_8jc,P00533,8JC,5XDK,uniprot+lig,2
p00533_pox,P00533,POX,3BEL,uniprot+lig,1
p00533_qqm,P00533,QQM,6V6O,uniprot+lig,2
p00533_yy3,P00533,YY3,4ZAU,uniprot+lig,10
p00698_0bp,P00698,0BP,7Q0U,uniprot+lig,1
p00698_0uf,P00698,0UF,4FJR,uniprot+lig,1
p00698_a5c,P00698,A5C,,ligand-not-in-pdb,0
p00698_dm0,P00698,DM0,,ligand-not-in-pdb,0
p00698_do3,P00698,DO3,1H87,uniprot+lig,16
p00698_kto,P00698,KTO,5B59,uniprot+lig,1
p00698_pdc,P00698,PDC,2PC2,uniprot+lig,1
p00734_ftr,P00734,FTR,,ligand-not-in-pdb,0
p00760_bet,P00760,BET,3T27,uniprot+lig,1
p00772_217,P00772,217,2FOE,uniprot+lig,1
p01112_92v,P01112,92V,5VBE,uniprot+lig,2
p01112_rsf,P01112,RSF,3RSL,uniprot+lig,1
p01112_ycn,P01112,YCN,3L8Y,uniprot+lig,2
p01116_6ic,P01116,6IC,7RPZ,uniprot+lig,12
p01116_7nl,P01116,7NL,7RT2,uniprot+lig,1
p01116_7nz,P01116,7NZ,7RT3,uniprot+lig,1
p01584_k0g,P01584,K0G,5R87,uniprot+lig,1
p01584_k34,P01584,K34,5R8B,uniprot+lig,1
p01584_sx2,P01584,SX2,6Y8M,uniprot+lig,1
p02699_bgl,P02699,BGL,3CAP,uniprot+lig,1
p02699_bng,P02699,BNG,1HZX,uniprot+lig,3
p02699_htg,P02699,HTG,1U19,uniprot+lig,5
p02753_2t1,P02753,2T1,3FMZ,uniprot+lig,2
p02753_2wl,P02753,2WL,4PSQ,uniprot+lig,1
p02753_rtl,P02753,RTL,1BRP,uniprot+lig,5
p02768_imn,P02768,IMN,2BXK,uniprot+lig,4
p02768_moa,P02768,MOA,7WKZ,uniprot+lig,1
p02829_np5,P02829,NP5,2IWU,uniprot+lig,1
p02829_rda,P02829,RDA,2FXS,uniprot+lig,1
p02829_rdc,P02829,RDC,1BGQ,uniprot+lig,2
p03007_tmp,P03007,TMP,1J53,uniprot+lig,3
p03366_f95,P03366,F95,4QAG,uniprot+lig,2
p03369_smc,P03369,SMC,,ligand-not-in-pdb,0
p04150_486,P04150,486,1NHZ,uniprot+lig,4
p04150_hj4,P04150,HJ4,6DXK,uniprot+lig,1
p04585_p1y,P04585,P1Y,3QIN,uniprot+lig,1
p04637_goh,P04637,GOH,5AOK,uniprot+lig,1
p04637_p74,P04637,P74,4AGO,uniprot+lig,1
p04637_r50,P04637,R50,8DC8,uniprot+lig,1
p04637_y0v,P04637,Y0V,5AOJ,uniprot+lig,1
p06129_mtn,P06129,MTN,3M8B,uniprot+lig,4
p06401_30x,P06401,30X,3G8O,uniprot+lig,1
p06401_mof,P06401,MOF,1SR7,uniprot+lig,1
p06401_t98,P06401,T98,1ZUC,uniprot+lig,1
p06730_34j,P06730,34J,4TQC,uniprot+lig,1
p06730_hli,P06730,HLI,4DUM,uniprot+lig,1
p06730_z5d,P06730,Z5D,7MEU,uniprot+lig,1
p06873_pyz,P06873,PYZ,5CW1,uniprot+lig,1
p07260_m7g,P07260,M7G,1AP8,uniprot+lig,2
p07900_06h,P07900,06H,3R91,uniprot+lig,1
p07900_73j,P07900,73J,5LR7,uniprot+lig,1
p07900_h64,P07900,H64,2FWY,uniprot+lig,1
p07900_mex,P07900,MEX,3OW6,uniprot+lig,1
p07900_q2d,P07900,Q2D,6U98,uniprot+lig,1
p08069_bmi,P08069,BMI,2OJ9,uniprot+lig,1
p08069_lgv,P08069,LGV,3NW7,uniprot+lig,1
p08069_lgw,P08069,LGW,3NW6,uniprot+lig,1
p09391_78c,P09391,78C,3ZMH,uniprot+lig,1
p09391_bng,P09391,BNG,2IC8,uniprot+lig,15
p09874_09l,P09874,09L,5DS3,uniprot+lig,3
p09874_cnq,P09874,CNQ,1WOK,uniprot+lig,1
p09874_fsu,P09874,FSU,4ZZZ,uniprot+lig,1
p0a776_apc,P0A776,APC,6VCO,uniprot+lig,1
p0a776_ctp,P0A776,CTP,6VCR,uniprot+lig,1
p0a776_g2p,P0A776,G2P,6VCN,uniprot+lig,1
p0aa04_hip,P0AA04,HIP,,ligand-not-in-pdb,0
p0acc1_sah,P0ACC1,SAH,1T43,uniprot+lig,2
p0ad64_ma4,P0AD64,MA4,1ONG,uniprot+lig,39
p0aex9_7iu,P0AEX9,7IU,7P0I,uniprot+lig,1
p0aex9_oku,P0AEX9,OKU,8AX5,uniprot+lig,1
p0aex9_ol0,P0AEX9,OL0,8AX7,uniprot+lig,1
p0dtd1_a4o,P0DTD1,A4O,7QCJ,uniprot+lig,1
p0dtd1_a5i,P0DTD1,A5I,7QCH,uniprot+lig,1
p0dtd1_a7l,P0DTD1,A7L,7QCK,uniprot+lig,1
p10275_056,P10275,056,2YLP,uniprot+lig,1
p10275_b5r,P10275,B5R,3B5R,uniprot+lig,1
p10275_b66,P10275,B66,3B66,uniprot+lig,1
p10275_dht,P10275,DHT,1T5Z,uniprot+lig,35
p10275_ylq,P10275,YLQ,2YLQ,uniprot+lig,1
p10828_4hy,P10828,4HY,1NQ0,uniprot+lig,7
p10828_pfa,P10828,PFA,1N46,uniprot+lig,1
p10828_t44,P10828,T44,1Y0X,uniprot+lig,1
p11142_bet,P11142,BET,4H5W,uniprot+lig,1
p11233_nlj,P11233,NLJ,6P0L,uniprot+lig,1
p11233_nls,P11233,NLS,6P0N,uniprot+lig,1
p11233_nlv,P11233,NLV,6P0K,uniprot+lig,1
p11838_4ay,P11838,4AY,4YD4,uniprot+lig,1
p11838_zs1,P11838,ZS1,5SAL,uniprot+lig,1
p12369_1or,P12369,1OR,4JVA,uniprot+lig,1
p12369_cmp,P12369,CMP,1CX4,uniprot+lig,1
p13423_2hf,P13423,2HF,,ligand-not-in-pdb,0
p13423_ftr,P13423,FTR,,ligand-not-in-pdb,0
p15319_xc2,P15319,XC2,2J7L,uniprot+lig,2
p15927_sch,P15927,SCH,,ligand-not-in-pdb,0
p18031_512,P18031,512,2HB1,uniprot+lig,1
p18031_694,P18031,694,2H4G,uniprot+lig,1
p18031_964,P18031,964,1NWL,uniprot+lig,1
p18031_f17,P18031,F17,2CMB,uniprot+lig,1
p18031_ize,P18031,IZE,2CNG,uniprot+lig,1
p18031_lzq,P18031,LZQ,3EB1,uniprot+lig,1
p19120_3fd,P19120,3FD,6H54,uniprot+lig,1
p19120_7ue,P19120,7UE,7PLK,uniprot+lig,1
p19120_v8q,P19120,V8Q,7ODB,uniprot+lig,1
p19793_7a4,P19793,7A4,5TBP,uniprot+lig,1
p19793_9hf,P19793,9HF,5ZQU,uniprot+lig,2
p19793_cps,P19793,CPS,6HN6,uniprot+lig,1
p19793_wz6,P19793,WZ6,7CFO,uniprot+lig,1
p20701_2o7,P20701,2O7,2O7N,uniprot+lig,1
p23458_0nt,P23458,0NT,4E5W,uniprot+lig,1
p23458_iza,P23458,IZA,3EYH,uniprot+lig,1
p23458_mi1,P23458,MI1,3EYG,uniprot+lig,1
p24941_2an,P24941,2AN,3PXF,uniprot+lig,5
p24941_kcx,P24941,KCX,,ligand-not-in-pdb,0
p24941_lq5,P24941,LQ5,5A14,uniprot+lig,1
p24941_wg8,P24941,WG8,4D1Z,uniprot+lig,1
p25103_gaw,P25103,GAW,6HLP,uniprot+lig,1
p25103_gbk,P25103,GBK,6HLL,uniprot+lig,1
p25103_l76,P25103,L76,6E59,uniprot+lig,1
p26043_i3p,P26043,I3P,1GC6,uniprot+lig,1
p27694_1ej,P27694,1EJ,4IJH,uniprot+lig,1
p28482_hrz,P28482,HRZ,6QA4,uniprot+lig,1
p28482_nep,P28482,NEP,,ligand-not-in-pdb,0
p31016_azh,P31016,AZH,,ligand-not-in-pdb,0
p31021_gsp,P31021,GSP,3REG,uniprot+lig,2
p31749_0r4,P31749,0R4,4EJN,uniprot+lig,1
p31749_g4n,P31749,G4N,6HHI,uniprot+lig,1
p31749_iqo,P31749,IQO,3O96,uniprot+lig,1
p35439_ac5,P35439,AC5,1Y1M,uniprot+lig,1
p35439_dk1,P35439,DK1,1PBQ,uniprot+lig,2
p35439_kfq,P35439,KFQ,4KFQ,uniprot+lig,1
p35557_aji,P35557,AJI,3A0I,uniprot+lig,1
p35557_g2t,P35557,G2T,7T78,uniprot+lig,1
p35557_mrk,P35557,MRK,1V4S,uniprot+lig,3
p35557_s41,P35557,S41,3S41,uniprot+lig,2
p37231_eb6,P37231,EB6,6JF0,uniprot+lig,1
p37231_gw4,P37231,GW4,2POB,uniprot+lig,1
p37231_imn,P37231,IMN,3ADS,uniprot+lig,3
p37231_j3f,P37231,J3F,7EFQ,uniprot+lig,1
p37231_mc5,P37231,MC5,3B0Q,uniprot+lig,1
p37231_sp3,P37231,SP3,2G0H,uniprot+lig,1
p37231_tjc,P37231,TJC,8DSY,uniprot+lig,1
p38340_sah,P38340,SAH,7D8D,uniprot+lig,2
p42336_1lt,P42336,1LT,4JPS,uniprot+lig,8
p42568_7iy,P42568,7IY,7VKH,uniprot+lig,1
p43220_uk4,P43220,UK4,6X1A,uniprot+lig,4
p45983_aq2,P45983,AQ2,4AWI,uniprot+lig,1
p45983_cfk,P45983,CFK,3PZE,uniprot+lig,1
p45983_gs7,P45983,GS7,3ELJ,uniprot+lig,1
p47811_7zc,P47811,7ZC,5R9C,uniprot+lig,1
p47811_snv,P47811,SNV,5R91,uniprot+lig,1
p47811_sqp,P47811,SQP,5R9F,uniprot+lig,1
p48061_3gg,P48061,3GG,4UAI,uniprot+lig,1
p50616_549,P50616,549,5CI9,uniprot+lig,1
p51449_4f1,P51449,4F1,4YPQ,uniprot+lig,6
p51449_4y5,P51449,4Y5,5C4S,uniprot+lig,3
p51449_4y6,P51449,4Y6,5C4T,uniprot+lig,1
p51449_79u,P51449,79U,5LWP,uniprot+lig,1
p51449_fjg,P51449,FJG,6CVH,uniprot+lig,1
p53355_47x,P53355,47X,5AV0,uniprot+lig,1
p53355_kmp,P53355,KMP,5AUX,uniprot+lig,3
p53355_lu2,P53355,LU2,5AUU,uniprot+lig,1
p53667_9db,P53667,9DB,5NXC,uniprot+lig,1
p53667_lh0,P53667,LH0,8AAU,uniprot+lig,1
p53779_46c,P53779,46C,2ZDT,uniprot+lig,1
p53779_9hp,P53779,9HP,1PMU,uniprot+lig,1
p53779_c0m,P53779,C0M,2O0U,uniprot+lig,1
p60568_mhc,P60568,MHC,1NBP,uniprot+lig,1
p60568_mpe,P60568,MPE,1M4A,uniprot+lig,1
p60842_sau,P60842,SAU,5ZBZ,uniprot+lig,1
p61586_8zo,P61586,8ZO,6KX3,uniprot+lig,1
p62136_bkm,P62136,BKM,6ALZ,uniprot+lig,1
p62330_gsp,P62330,GSP,2J5X,uniprot+lig,1
p62593_4ou,P62593,4OU,,ligand-not-in-pdb,0
p62593_cbt,P62593,CBT,1PZO,uniprot+lig,1
p62593_fos,P62593,FOS,1AXB,uniprot+lig,1
p62937_l60,P62937,L60,5NOU,uniprot+lig,1
p63086_38z,P63086,38Z,5HD4,uniprot+lig,2
p63086_dx4,P63086,DX4,4XOY,uniprot+lig,2
p63086_g17,P63086,G17,4I5H,uniprot+lig,1
p63086_sb4,P63086,SB4,3ERK,uniprot+lig,1
p63279_5vl,P63279,5VL,5F6V,uniprot+lig,2
p68400_0y4,P68400,0Y4,4GUB,uniprot+lig,1
p68400_7fc,P68400,7FC,5M4F,uniprot+lig,2
p68400_hbd,P68400,HBD,5MOT,uniprot+lig,1
p77173_cl3,P77173,CL3,1Y2G,uniprot+lig,1
p77173_iqz,P77173,IQZ,1S1J,uniprot+lig,1
p77173_wai,P77173,WAI,1Y2F,uniprot+lig,1
p97784_6i3,P97784,6I3,7WVA,uniprot+lig,1
p97784_goc,P97784,GOC,7D19,uniprot+lig,1
p97784_gof,P97784,GOF,7D1C,uniprot+lig,1
q02724_csx,Q02724,CSX,4GVO,lig-only(no-uniprot-match),0
q04771_lu8,Q04771,LU8,5S75,uniprot+lig,45
q04771_q5z,Q04771,Q5Z,6Z36,uniprot+lig,1
q04771_t5y,Q04771,T5Y,5S7C,uniprot+lig,1
q04771_xej,Q04771,XEJ,5S7K,uniprot+lig,1
q04771_xk4,Q04771,XK4,5S85,uniprot+lig,1
q06124_5od,Q06124,5OD,5EHR,uniprot+lig,8
q06124_dyv,Q06124,DYV,6BMX,uniprot+lig,2
q06124_dzs,Q06124,DZS,6BMV,uniprot+lig,2
q07869_az2,Q07869,AZ2,1I7G,uniprot+lig,1
q07869_gw9,Q07869,GW9,6KYP,uniprot+lig,4
q07869_ity,Q07869,ITY,6KB0,uniprot+lig,2
q07869_rew,Q07869,REW,2REW,uniprot+lig,1
q07869_s44,Q07869,S44,2ZNN,uniprot+lig,2
q07889_aww,Q07889,AWW,5OVH,uniprot+lig,1
q07889_axh,Q07889,AXH,5OVI,uniprot+lig,1
q07889_nl0,Q07889,NL0,7UKS,uniprot+lig,1
q13451_5bh,Q13451,5BH,5DIV,uniprot+lig,1
q13451_9qn,Q13451,9QN,5OBK,uniprot+lig,2
q13451_i63,Q13451,I63,4DRK,uniprot+lig,1
q13451_npo,Q13451,NPO,5BXJ,uniprot+lig,1
q13526_kdh,Q13526,KDH,3OOB,uniprot+lig,1
q15047_6s4,Q15047,6S4,5KE2,uniprot+lig,1
q15109_ior,Q15109,IOR,2MOV,uniprot+lig,1
q16539_19b,Q16539,19B,3E93,uniprot+lig,1
q16539_3nw,Q16539,3NW,3NWW,uniprot+lig,1
q16539_gk1,Q16539,GK1,2ZAZ,uniprot+lig,1
q16539_gk6,Q16539,GK6,3D83,uniprot+lig,1
q16539_p38,Q16539,P38,3BV2,uniprot+lig,1
q16539_pqb,Q16539,PQB,2BAQ,uniprot+lig,2
q16552_u5i,Q16552,U5I,8DYF,uniprot+lig,1
q16552_u6c,Q16552,U6C,8DYI,uniprot+lig,1
q29460_sgb,Q29460,SGB,,ligand-not-in-pdb,0
q3tdn0_av0,Q3TDN0,AV0,7RPH,uniprot+lig,3
q46220_nai,Q46220,NAI,1GIQ,uniprot+lig,1
q46220_ndp,Q46220,NDP,1GIR,uniprot+lig,1
q5zxn6_c5p,Q5ZXN6,C5P,4BER,uniprot+lig,2
q5zxn6_cdc,Q5ZXN6,CDC,4BET,uniprot+lig,1
q5zxn6_pc,Q5ZXN6,PC,4BES,uniprot+lig,1
q61091_n6w,Q61091,N6W,6TFB,uniprot+lig,1
q6mht0_tau,Q6MHT0,TAU,3V39,uniprot+lig,1
q6pl18_bqq,Q6PL18,BQQ,6EPT,uniprot+lig,1
q6pl18_rhv,Q6PL18,RHV,5QXQ,uniprot+lig,1
q8wts6_sah,Q8WTS6,SAH,1MT6,uniprot+lig,19
q8wts6_sam,Q8WTS6,SAM,1N6A,uniprot+lig,7
q8wts6_sfg,Q8WTS6,SFG,3CBP,uniprot+lig,2
q96ri1_33y,Q96RI1,33Y,3FLI,uniprot+lig,2
q96ri1_635,Q96RI1,635,3L1B,uniprot+lig,1
q96ri1_xx9,Q96RI1,XX9,4OIV,uniprot+lig,1
q96sb4_3ul,Q96SB4,3UL,4WUA,uniprot+lig,1
q96sb4_emh,Q96SB4,EMH,5XV7,uniprot+lig,1
q96sb4_ixq,Q96SB4,IXQ,7ZKS,uniprot+lig,1
q980a5_5gp,Q980A5,5GP,3PEN,uniprot+lig,1
q980a5_gcp,Q980A5,GCP,3I1F,uniprot+lig,9
q99816_4n1,Q99816,4N1,5VKG,uniprot+lig,1
q9brq0_94w,Q9BRQ0,94W,4UP5,uniprot+lig,1
q9gzt9_014,Q9GZT9,014,3OUH,uniprot+lig,1
q9gzt9_42z,Q9GZT9,42Z,3OUI,uniprot+lig,1
q9gzt9_un9,Q9GZT9,UN9,2HBT,uniprot+lig,14
q9h7b4_sah,Q9H7B4,SAH,3OXF,uniprot+lig,8
q9h7b4_sam,Q9H7B4,SAM,3MEK,uniprot+lig,23
q9h7b4_sfg,Q9H7B4,SFG,3PDN,uniprot+lig,2
q9hkt1_amp,Q9HKT1,AMP,2ART,uniprot+lig,1
q9hkt1_lpa,Q9HKT1,LPA,2ART,uniprot+lig,2
q9hvi1_c2e,Q9HVI1,C2E,2L74,uniprot+lig,3
q9n6s8_jv1,Q9N6S8,JV1,6SSZ,lig-only(no-uniprot-match),0
q9nr48_sam,Q9NR48,SAM,3OPE,uniprot+lig,10
q9nrg4_sah,Q9NRG4,SAH,3RIB,uniprot+lig,10
q9nrg4_sam,Q9NRG4,SAM,3S7B,uniprot+lig,12
q9nwt6_ndf,Q9NWT6,NDF,1YCI,uniprot+lig,1
q9nzq7_6gz,Q9NZQ7,6GZ,5J8O,uniprot+lig,1
q9nzq7_hou,Q9NZQ7,HOU,7DY7,uniprot+lig,1
q9nzq7_kw7,Q9NZQ7,KW7,6NOJ,uniprot+lig,1
q9p289_59t,Q9P289,59T,7B36,uniprot+lig,1
q9qzl0_1fn,Q9QZL0,1FN,6OKO,uniprot+lig,1
q9ubp6_sah,Q9UBP6,SAH,7OGJ,uniprot+lig,4
q9ubp6_sam,Q9UBP6,SAM,3CKK,uniprot+lig,3
q9y657_2od,Q9Y657,2OD,6I8Y,uniprot+lig,1
q9y657_6p9,Q9Y657,6P9,5JSG,uniprot+lig,1
q9y657_6pd,Q9Y657,6PD,5JSJ,uniprot+lig,1
