target_id,method,formal_angstrom,provisional_angstrom,absolute_difference_angstrom
4WSK,diffdock,1.311336874961853,113.2313,111.91996312503815
4MYH,diffdock,1.619677186012268,113.4254,111.80572281398773
4JJS,diffdock,1.1644294261932373,104.0041,102.83967057380676
4JU7,diffdock,0.7552456259727478,103.0,102.24475437402725
4DSY,diffdock,0.7990754246711731,72.2157,71.41662457532883
4ZPH,diffdock,1.8665130138397217,71.9706,70.10408698616028
3GR2,diffdock,0.5046334862709045,65.08,64.5753665137291
4E5H,diffdock,1.4426020383834839,64.871,63.42839796161651
3QGY,diffdock,2.163248062133789,62.6513,60.48805193786621
3MWW,diffdock,25.00724220275879,84.2358,59.22855779724121
2VD1,diffdock,1.535370945930481,57.8708,56.33542905406952
1L5R,diffdock,1.220453143119812,57.0747,55.85424685688019
5CR7,diffdock,1.9744844436645508,56.0689,54.09441555633545
2IT4,diffdock,0.8713802695274353,52.5433,51.67191973047257
3KMC,diffdock,0.5071277618408203,51.7822,51.27507223815918
3GVB,diffdock,6.604048728942871,57.6456,51.04155127105713
5F3E,diffdock,0.49898281693458557,50.8844,50.385417183065414
5F3I,diffdock,0.610785186290741,50.746,50.13521481370926
4TNW,equibind,4.524208068847656,54.0172,49.492991931152346
5EIF,diffdock,0.6859992146492004,49.323,48.6370007853508
2OBO,diffdock,1.245099425315857,49.8788,48.63370057468414
2G5P,diffdock,0.6723114252090454,48.9763,48.30398857479096
2A4G,diffdock,1.3328592777252197,49.3559,48.02304072227478
2FM2,diffdock,3.3430285453796387,49.9558,46.612771454620365
2OC0,diffdock,3.981130361557007,50.1338,46.152669638442994
1BO5,diffdock,35.29859161376953,80.3703,45.07170838623047
2G5T,diffdock,0.740236759185791,45.807,45.06676324081421
2G63,diffdock,1.4276877641677856,46.2841,44.85641223583222
5E0H,diffdock,1.5823999643325806,45.5224,43.94000003566742
2I3Z,diffdock,0.7019772529602051,44.1451,43.443122747039794
4NYT,diffdock,0.9661322832107544,43.8048,42.838667716789246
1BO5,equibind,39.42011642456055,81.2166,41.79648357543945
2WUF,diffdock,1.636057734489441,43.259,41.62294226551056
3I7G,diffdock,2.789243698120117,40.0761,37.28685630187988
1W4O,diffdock,1.1273856163024902,37.9506,36.82321438369751
1BIW,diffdock,4.766752243041992,41.2572,36.490447756958005
4G8Y,diffdock,1.500283122062683,37.7295,36.22921687793732
4G90,diffdock,1.6207796335220337,37.5351,35.914320366477966
4G8O,diffdock,7.455401420593262,42.5597,35.10429857940674
1QM4,diffdock,0.3214145004749298,35.0165,34.69508549952507
3ZZH,diffdock,3.416945695877075,38.0444,34.62745430412293
1BUX,diffdock,2.464026927947998,36.3001,33.836073072052
4JBL,diffdock,1.9217376708984375,35.2711,33.34936232910156
4WSK,equibind,23.521072387695312,56.4299,32.90882761230469
2JG8,diffdock,2.923750162124634,35.0551,32.13134983787537
2E95,diffdock,1.135299563407898,33.2371,32.1018004365921
1YYS,diffdock,0.8680282831192017,32.6961,31.8280717168808
5FE6,diffdock,0.8851202726364136,32.2542,31.369079727363584
2A4M,diffdock,1.875611662864685,33.2199,31.344288337135318
3BXF,diffdock,1.6288710832595825,32.4064,30.777528916740415
1XZ8,diffdock,1.2910012006759644,31.8312,30.540198799324035
4O3B,diffdock,1.7268283367156982,31.771,30.044171663284303
4H71,diffdock,9.536539077758789,39.4942,29.95766092224121
2FSV,diffdock,19.114294052124023,48.8814,29.767105947875976
1GZG,diffdock,5.775473117828369,34.6411,28.865626882171632
1G9T,equibind,3.7887401580810547,32.6381,28.849359841918947
1XGE,diffdock,2.712085723876953,30.9456,28.233514276123046
1GYX,diffdock,0.31229090690612793,28.4078,28.095509093093874
4EXZ,diffdock,1.3761873245239258,29.055,27.678812675476074
5EOU,equibind,12.476418495178223,39.947,27.47058150482178
4EFG,diffdock,1.2919267416000366,28.0582,26.766273258399963
4JU6,equibind,38.63313293457031,65.2823,26.649167065429694
4JU7,equibind,38.633155822753906,65.2822,26.649044177246097
3IJG,diffdock,6.798628807067871,33.3269,26.52827119293213
2A5B,diffdock,0.932706892490387,27.0185,26.085793107509613
5EKX,equibind,17.043519973754883,42.7678,25.72428002624512
4CTJ,equibind,20.371219635009766,45.5311,25.159880364990237
3DP0,equibind,8.127039909362793,33.235,25.107960090637206
3L5R,diffdock,1.3637744188308716,26.4555,25.09172558116913
5F3G,equibind,30.104524612426758,51.476,21.37147538757324
1RQ2,equibind,1.8412455320358276,23.0413,21.200054467964172
3BXF,equibind,7.775026321411133,28.7701,20.995073678588867
1G9S,equibind,7.0566325187683105,27.6076,20.55096748123169
3DEJ,equibind,11.007543563842773,29.4788,18.471256436157226
2IU0,diffdock,8.189078330993652,25.9931,17.804021669006346
1BIW,equibind,12.011549949645996,29.4965,17.484950050354005
5AOL,equibind,10.165611267089844,26.3953,16.229688732910155
3T2V,diffdock,5.335123062133789,21.0659,15.73077693786621
1S5Z,equibind,19.446697235107422,34.6839,15.23720276489258
3DEH,equibind,4.693821907043457,19.4311,14.737278092956544
2QFO,equibind,29.41910171508789,43.5521,14.132998284912112
3N4C,diffdock,0.7543296217918396,14.842,14.087670378208161
4ZPH,equibind,13.758708000183105,27.4982,13.739491999816895
3UMQ,diffdock,10.566804885864258,24.0472,13.480395114135742
2JG8,equibind,16.53495979309082,28.8911,12.356140206909181
3LBL,equibind,10.654497146606445,22.6943,12.039802853393553
4PVO,diffdock,3.5853054523468018,15.0309,11.445594547653199
5EIF,equibind,21.749988555908203,32.9709,11.220911444091797
2FDD,diffdock,1.0460063219070435,11.9667,10.920693678092956
4OOW,equibind,24.422767639160156,35.2427,10.819932360839843
1LZQ,diffdock,1.2499475479125977,12.0614,10.811452452087403
1M0B,diffdock,1.2611321210861206,11.8469,10.58576787891388
1ODY,diffdock,2.9027445316314697,13.412,10.509255468368531
1L5R,equibind,28.480289459228516,38.8184,10.338110540771481
2RKG,diffdock,0.8383467197418213,10.4987,9.660353280258178
3EL1,diffdock,1.4078102111816406,10.9644,9.556589788818359
2VD1,equibind,20.46514892578125,30.0111,9.545951074218749
1QS4,equibind,21.75425148010254,31.2728,9.518548519897461
2CMO,equibind,15.937091827392578,25.2052,9.268108172607423
1D4I,diffdock,1.773155927658081,10.9569,9.183744072341918
4C1F,equibind,5.507041931152344,14.4705,8.963458068847656
4C1G,equibind,5.923234939575195,14.7867,8.863465060424804
4HCO,equibind,19.081586837768555,27.8343,8.752713162231444
4G8O,equibind,26.92875862121582,35.6368,8.70804137878418
1D4H,equibind,2.3360331058502197,10.9577,8.621666894149781
3UMQ,equibind,4.506118297576904,13.0987,8.592581702423095
5CR7,equibind,26.289844512939453,34.8542,8.564355487060546
4L1A,diffdock,2.168515920639038,10.5086,8.340084079360961
2A5B,equibind,10.50887680053711,18.5384,8.02952319946289
3GR2,equibind,28.681020736694336,36.5277,7.846679263305667
4R06,equibind,17.79449462890625,25.386,7.591505371093749
1D4J,equibind,3.2071914672851562,10.7832,7.5760085327148445
4NYT,equibind,25.130199432373047,32.5069,7.376700567626955
4FNN,equibind,6.94373083114624,14.2998,7.356069168853759
2UPJ,equibind,4.6816582679748535,11.8951,7.213441732025146
4DSY,equibind,11.839303016662598,19.0191,7.179796983337404
3TKW,equibind,2.348531484603882,9.5018,7.1532685153961175
2P2A,equibind,12.412440299987793,19.5438,7.131359700012208
2RJR,equibind,24.541658401489258,31.5454,7.003741598510743
1FV0,equibind,5.828115940093994,12.8194,6.991284059906006
4LNF,equibind,41.13303756713867,47.8873,6.754262432861331
3B26,equibind,21.891460418701172,28.5132,6.621739581298829
3N7S,equibind,10.584680557250977,17.176,6.591319442749022
5CS5,equibind,21.533720016479492,28.0702,6.536479983520508
4H71,equibind,20.422462463378906,26.4699,6.047437536621093
3EID,equibind,23.590700149536133,29.5218,5.931099850463866
1KPM,equibind,11.31160831451416,16.7322,5.420591685485839
5AFL,equibind,4.177554607391357,9.5306,5.353045392608642
3DEK,equibind,6.637197494506836,11.793,5.155802505493163
4O0R,equibind,13.81814956665039,18.7976,4.979450433349609
4MC6,equibind,3.3261613845825195,7.8763,4.55013861541748
1GZG,equibind,17.022363662719727,21.4979,4.475536337280275
4EDE,equibind,12.281913757324219,16.4069,4.1249862426757815
1XZ8,equibind,14.484723091125488,18.3713,3.8865769088745132
3USX,equibind,6.33034610748291,10.2102,3.8798538925170902
3IJG,equibind,17.59263801574707,21.4275,3.834861984252928
2CEX,equibind,18.469629287719727,22.0058,3.536170712280274
2XWE,equibind,8.79581356048584,12.2687,3.472886439514161
2OOZ,equibind,9.459687232971191,12.8722,3.412512767028808
2RKG,equibind,5.769872188568115,9.0808,3.3109278114318847
2Q64,equibind,4.94436502456665,8.1498,3.2054349754333504
3O4K,diffdock,9.555313110351562,12.7382,3.1828868896484384
4N6G,diffdock,0.592193067073822,3.7534,3.161206932926178
4LLX,equibind,12.323628425598145,15.2968,2.9731715744018548
2WUF,equibind,20.319395065307617,23.2915,2.972104934692382
4EU3,equibind,22.594829559326172,25.3258,2.730970440673829
3EKQ,equibind,6.545021057128906,9.1045,2.5594789428710936
4N98,equibind,29.672372817993164,32.2296,2.5572271820068337
1QS4,diffdock,27.476465225219727,29.9779,2.501434774780275
4LM2,equibind,12.841267585754395,15.1368,2.2955324142456046
3RT4,equibind,11.779308319091797,13.9441,2.1647916809082037
3I6O,equibind,6.274259090423584,8.3327,2.058440909576417
3L5R,equibind,7.837212562561035,9.7452,1.9079874374389654
1FBM,diffdock,0.7471200823783875,2.513,1.7658799176216124
4EFG,equibind,13.479451179504395,15.1837,1.7042488204956054
4LOH,equibind,5.481560230255127,7.0927,1.6111397697448728
1K3T,equibind,19.52776527404785,21.0878,1.5600347259521499
2AEL,equibind,16.092283248901367,17.5923,1.5000167510986344
3I7G,equibind,19.816783905029297,20.8776,1.0608160949707042
4EXZ,equibind,14.352742195129395,15.4092,1.0564578048706057
4EJ8,equibind,21.459388732910156,22.438,0.9786112670898426
2PYN,diffdock,6.013830661773682,6.978,0.9641693382263181
5EB3,equibind,28.757591247558594,29.6987,0.941108752441405
3HFJ,equibind,6.84244441986084,7.5652,0.7227555801391601
1UGP,equibind,3.8381450176239014,3.1374,0.7007450176239014
4ORX,diffdock,12.107666969299316,12.7876,0.679933030700683
2A4M,equibind,16.6900634765625,17.234,0.5439365234375018
4N6G,equibind,2.9362401962280273,3.4731,0.5368598037719727
5C2H,equibind,14.639754295349121,15.1641,0.5243457046508784
1UGP,diffdock,3.5291907787323,4.044,0.5148092212676998
1IDA,equibind,8.574565887451172,9.0765,0.5019341125488275
